id,type,min distance,max distance
3,Line,192.60582,599.4464
4,Triangle,88.23831,567.61957
2,Polygon,48.166378,658.0463
