id,type,min distance,max distance
3,Point,149.48244,257.17892
4,Point,131.86736,518.9547
2,Polygon,100.84642,693.7579
