id,type,min distance,max distance
5,Point,483.43976,0.0
6,Point,842.34436,0.0
7,Point,1094.9567,0.0
2,Line,212.13675,228.10744
3,Segment,368.68008,443.82993
4,Curve,548.99274,696.0417
