id,type,min distance,max distance
1,Point,434.24646,610.37695
2,Line,327.88107,573.973
3,Segment,169.24834,501.84558
5,Ellipse,196.02551,330.6781
8,Circle,333.76788,420.2059
6,Triangle,431.29224,791.2585
7,Polygon,148.09795,584.398
