id,type,min distance,max distance
2,Line,112.64102,115.43397
3,Segment,214.51573,282.7048
6,Triangle,328.54376,464.957
5,Ellipse,755.90607,0.0
8,Circle,726.29816,0.0
7,Polygon,397.102,584.4553
4,Curve,434.24646,610.37695
