id,type,min distance,max distance
1,Point,347.41617,0.0
2,Point,304.2006,0.0
3,Point,248.29417,0.0
5,Point,469.40173,0.0
6,Point,648.70483,0.0
