id,type,min distance,max distance
1,Point,457.739,0.0
2,Point,377.1167,0.0
3,Point,288.46664,0.0
4,Point,316.0269,0.0
4,Point,316.0269,0.0
6,Point,486.96713,0.0
7,Point,567.57117,0.0
8,Point,638.46454,0.0
9,Point,649.86536,0.0
