id,type,min distance,max distance
2,Segment,37.94733,176.23848
2,Segment,37.94733,176.23848
1,Polygon,107.22407,509.6842
