id,type,min distance,max distance
1,Point,478.06696,512.806
9,Point,100.005,119.40268
2,Line,395.94193,466.06436
3,Segment,320.6774,431.6538
4,Curve,210.80086,457.3948
11,Curve,78.160095,284.98596
7,Polygon,462.70508,705.89874
14,Polygon,420.04285,559.8589
5,Ellipse,272.15436,351.26202
12,Ellipse,289.15393,306.0
6,Triangle,451.95798,515.0243
13,Triangle,422.30795,561.8612
8,Circle,241.61125,259.64975
15,Circle,242.2313,306.8094
