id,type,min distance,max distance
1,Point,112.64102,115.43397
3,Segment,67.17886,286.80307
4,Curve,327.88107,573.973
7,Polygon,286.42102,517.64465
5,Ellipse,696.67566,761.15967
6,Triangle,92.0489,141.11343
8,Circle,630.2539,713.2524
