id,type,min distance,max distance
1,Point,607.08234,0.0
6,Point,673.1694,0.0
2,Segment,480.35092,583.45953
3,Segment,337.23138,451.05432
4,Segment,212.42645,261.45746
