id,type,min distance,max distance
2,Point,161.94135,218.19487
3,Point,161.94135,431.22617
4,Point,161.94135,492.17883
5,Point,161.94135,666.47205
6,Point,123.42204,666.47205
