id,type,min distance,max distance
1,Point,108.72442,0.0
3,Point,130.72873,0.0
4,Point,261.03064,0.0
5,Point,455.57986,0.0
6,Point,621.10223,0.0
