id,type,min distance,max distance
1,Point,755.90607,0.0
2,Line,644.8643,0.0
3,Segment,478.85278,0.0
8,Circle,312.27072,0.0
6,Triangle,741.5396,0.0
4,Curve,196.02551,330.6781
7,Polygon,394.255,595.26215
