id,type,min distance,max distance
2,Segment,189.28285,238.40302
3,Segment,189.28285,507.50073
4,Segment,189.28285,665.27136
