id,type,min distance,max distance
1,Point,214.51573,282.7048
2,Line,77.00649,275.0
4,Curve,169.24834,501.84558
7,Polygon,185.64752,453.48648
5,Ellipse,594.1397,605.5287
6,Triangle,67.941154,279.80707
8,Circle,522.2452,581.9321
