id,type,min distance,max distance
1,Point,684.41583,0.0
6,Point,683.2723,0.0
2,Segment,498.3894,602.4168
3,Segment,364.0055,419.3626
4,Segment,149.00336,211.68137
